src,width,height,ratio,format,bytes,error
/images/avatars/fairy-cream.webp,512,512,1,webp,8000,
/images/avatars/fairy-lavender.webp,512,512,1,webp,7478,
/images/avatars/fairy-pink.webp,512,512,1,webp,7720,
/images/avatars/ghost-cream.webp,512,512,1,webp,7844,
/images/avatars/ghost-lavender.webp,512,512,1,webp,8266,
/images/avatars/ghost-pink.webp,512,512,1,webp,8014,
/images/avatars/heart-cream.webp,512,512,1,webp,10324,
/images/avatars/heart-lavender.webp,512,512,1,webp,9994,
/images/avatars/heart-pink.webp,512,512,1,webp,10528,
/images/avatars/star-cream.webp,512,512,1,webp,8800,
/images/avatars/star-lavender.webp,512,512,1,webp,9196,
/images/avatars/star-pink.webp,512,512,1,webp,8830,
/images/calendar/aryeom-profile.jpg,1080,1080,1,jpeg,96450,
/images/calendar/jenny-jeong-profile.jpg,1080,1080,1,jpeg,202403,
/images/calendar/xin-profile.jpg,4096,2537,1.6145,jpeg,1837059,
/images/calendar/yuna-portrait.jpg,800,1200,0.6667,jpeg,207586,
/images/celebrities/aryeom/hero-portrait.jpg,3072,4096,0.75,jpeg,1038864,
/images/celebrities/changha/hero-mobile.jpg,3567,5351,0.6666,jpeg,4416638,
/images/celebrities/changha/hero-source.jpg,2160,1620,1.3333,jpeg,725240,
/images/celebrities/elina/hero-beach.jpg,2730,1820,1.5,jpeg,879084,
/images/celebrities/elina/hero-source.jpg,3072,4096,0.75,jpeg,1982563,
/images/celebrities/ifewknow/hero-studio.jpg,2160,3240,0.6667,jpeg,350856,
/images/celebrities/jenny-jeong/hero-source.jpg,3386,2667,1.2696,jpeg,787257,
/images/celebrities/katseye/card.webp,800,1000,0.8,webp,126594,
/images/celebrities/katseye/hero-desktop.webp,2400,1200,2,webp,243646,
/images/celebrities/katseye/hero-mobile.webp,960,1200,0.8,webp,174654,
/images/celebrities/katseye/live-replay.webp,1280,720,1.7778,webp,114896,
/images/celebrities/katseye/live-upcoming-1.webp,1280,720,1.7778,webp,114896,
/images/celebrities/katseye/live-upcoming-2.webp,1280,720,1.7778,webp,126504,
/images/celebrities/katseye/profile.webp,400,400,1,webp,28758,
/images/celebrities/park-myungho/hero-portrait.jpg,1440,1800,0.8,jpeg,140887,
/images/celebrities/park-myungho/profile-20260910.png,510,765,0.6667,png,372682,
/images/celebrities/thisisj-official/hero-source.webp,1440,1440,1,webp,121940,
/images/celebrities/xin/hero-concept-mobile.jpg,4032,6048,0.6667,jpeg,8059308,
/images/celebrities/xin/hero-concept.jpg,4096,2730,1.5004,jpeg,2218261,
/images/celebrities/yuna/hero-beach.jpg,2730,1820,1.5,jpeg,562165,
/images/celebrities/yuna/hero-studio-mobile.jpg,5304,7952,0.667,jpeg,49021642,
/images/guest-home/banksy-exhibition-campaign.webp,1672,941,1.7768,webp,108918,
/images/guest-home/byus-wordmark-transparent.png,1200,493,2.4341,png,33745,
/images/guest-home/changha-card.jpg,1080,1080,1,jpeg,86255,
/images/guest-home/chzzk.png,512,512,1,png,3065,
/images/guest-home/elina-card.jpg,1080,1080,1,jpeg,159575,
/images/guest-home/kara-card.jpg,3933,2503,1.5713,jpeg,1138641,
/images/guest-home/kara-hero.png,2784,1768,1.5747,png,4041471,
/images/guest-home/passport-open-blank-9-transparent.png,1536,1024,1.5,png,1406367,
/images/guest-home/passport-open-blank-9.png,1536,1024,1.5,png,1888960,
/images/guest-home/passport-open-empty.png,1536,1024,1.5,png,1905722,
/images/guest-home/passport-open.webp,1303,840,1.5512,webp,83088,
/images/guest-home/ss501.jpg,450,594,0.7576,jpeg,241337,
/images/home-entry/elina.jpg,2730,1820,1.5,jpeg,879084,
/images/live/kara-hero-group.jpg,3826,2435,1.5713,jpeg,3038122,
/images/login/spectrum-light-mobile.webp,768,1024,0.75,webp,3166,
/images/login/spectrum-light.webp,1536,1024,1.5,webp,9710,
/images/passport/tiers/bronze.png,96,96,1,png,17759,
/images/passport/tiers/opal-heart/128/bronze-1.png,128,128,1,png,17967,
/images/passport/tiers/opal-heart/128/diamond-1.png,128,128,1,png,17700,
/images/passport/tiers/opal-heart/128/gold-1.png,128,128,1,png,17750,
/images/passport/tiers/opal-heart/128/gold-2.png,128,128,1,png,17775,
/images/passport/tiers/opal-heart/128/gold-3.png,128,128,1,png,17793,
/images/passport/tiers/opal-heart/128/platinum-1.png,128,128,1,png,17627,
/images/passport/tiers/opal-heart/128/platinum-2.png,128,128,1,png,17629,
/images/passport/tiers/opal-heart/128/platinum-3.png,128,128,1,png,17646,
/images/passport/tiers/opal-heart/128/platinum-4.png,128,128,1,png,17646,
/images/passport/tiers/opal-heart/128/silver-1.png,128,128,1,png,17417,
/images/passport/tiers/opal-heart/128/silver-2.png,128,128,1,png,17425,
/images/passport/tiers/opal-heart/256/bronze-1.png,256,256,1,png,64590,
/images/passport/tiers/opal-heart/256/diamond-1.png,256,256,1,png,64249,
/images/passport/tiers/opal-heart/256/gold-1.png,256,256,1,png,63421,
/images/passport/tiers/opal-heart/256/gold-2.png,256,256,1,png,63519,
/images/passport/tiers/opal-heart/256/gold-3.png,256,256,1,png,63633,
/images/passport/tiers/opal-heart/256/platinum-1.png,256,256,1,png,63284,
/images/passport/tiers/opal-heart/256/platinum-2.png,256,256,1,png,63327,
/images/passport/tiers/opal-heart/256/platinum-3.png,256,256,1,png,63435,
/images/passport/tiers/opal-heart/256/platinum-4.png,256,256,1,png,63456,
/images/passport/tiers/opal-heart/256/silver-1.png,256,256,1,png,62348,
/images/passport/tiers/opal-heart/256/silver-2.png,256,256,1,png,62447,
/images/passport/tiers/opal-heart/512/bronze-1.png,512,512,1,png,239524,
/images/passport/tiers/opal-heart/512/diamond-1.png,512,512,1,png,241891,
/images/passport/tiers/opal-heart/512/gold-1.png,512,512,1,png,233792,
/images/passport/tiers/opal-heart/512/gold-2.png,512,512,1,png,234148,
/images/passport/tiers/opal-heart/512/gold-3.png,512,512,1,png,235105,
/images/passport/tiers/opal-heart/512/platinum-1.png,512,512,1,png,233464,
/images/passport/tiers/opal-heart/512/platinum-2.png,512,512,1,png,233870,
/images/passport/tiers/opal-heart/512/platinum-3.png,512,512,1,png,234618,
/images/passport/tiers/opal-heart/512/platinum-4.png,512,512,1,png,234814,
/images/passport/tiers/opal-heart/512/silver-1.png,512,512,1,png,228019,
/images/passport/tiers/opal-heart/512/silver-2.png,512,512,1,png,228410,
/images/passport/tiers/opal-heart/64/bronze-1.png,64,64,1,png,5318,
/images/passport/tiers/opal-heart/64/diamond-1.png,64,64,1,png,5190,
/images/passport/tiers/opal-heart/64/gold-1.png,64,64,1,png,5300,
/images/passport/tiers/opal-heart/64/gold-2.png,64,64,1,png,5302,
/images/passport/tiers/opal-heart/64/gold-3.png,64,64,1,png,5304,
/images/passport/tiers/opal-heart/64/platinum-1.png,64,64,1,png,5226,
/images/passport/tiers/opal-heart/64/platinum-2.png,64,64,1,png,5223,
/images/passport/tiers/opal-heart/64/platinum-3.png,64,64,1,png,5227,
/images/passport/tiers/opal-heart/64/platinum-4.png,64,64,1,png,5228,
/images/passport/tiers/opal-heart/64/silver-1.png,64,64,1,png,5190,
/images/passport/tiers/opal-heart/64/silver-2.png,64,64,1,png,5197,
/images/passport/tiers/opal-heart/bronze-1.png,1024,1024,1,png,891652,
/images/passport/tiers/opal-heart/diamond-1.png,1024,1024,1,png,922794,
/images/passport/tiers/opal-heart/gold-1.png,1024,1024,1,png,868630,
/images/passport/tiers/opal-heart/gold-2.png,1024,1024,1,png,870196,
/images/passport/tiers/opal-heart/gold-3.png,1024,1024,1,png,875098,
/images/passport/tiers/opal-heart/platinum-1.png,1024,1024,1,png,863496,
/images/passport/tiers/opal-heart/platinum-2.png,1024,1024,1,png,865157,
/images/passport/tiers/opal-heart/platinum-3.png,1024,1024,1,png,864728,
/images/passport/tiers/opal-heart/platinum-4.png,1024,1024,1,png,862425,
/images/passport/tiers/opal-heart/silver-1.png,1024,1024,1,png,844997,
/images/passport/tiers/opal-heart/silver-2.png,1024,1024,1,png,846008,
https://gmrykvmtmuaeswpajteq.supabase.co/storage/v1/object/public/cms-assets/lives/ifew-100-days/banner-9dddada89193dd87.png,1774,887,2,png,3134354,
https://gmrykvmtmuaeswpajteq.supabase.co/storage/v1/object/public/cms-assets/celebrities/yuna/profile-f6180ad3a36ea5c1.webp,1067,1600,0.6669,webp,134582,
https://gmrykvmtmuaeswpajteq.supabase.co/storage/v1/object/public/cms-assets/celebrities/xin/profile-f2ec8b19121877f6.jpg,4096,2537,1.6145,jpeg,1837059,
https://gmrykvmtmuaeswpajteq.supabase.co/storage/v1/object/public/cms-assets/celebrities/jenny-jeong/profile-a9daf680da1fe99b.jpg,853,1280,0.6664,jpeg,158649,
https://gmrykvmtmuaeswpajteq.supabase.co/storage/v1/object/public/cms-assets/celebrities/aryeom/profile-f596fa168833a2cb.jpg,1080,1080,1,jpeg,96450,
https://gmrykvmtmuaeswpajteq.supabase.co/storage/v1/object/public/cms-assets/celebrities/park-myungho/profile-536c3c1765064266.jpg,1080,1350,0.8,jpeg,100629,
https://gmrykvmtmuaeswpajteq.supabase.co/storage/v1/object/public/cms-assets/celebrities/ifewknow/profile-7951fc437251547f.png,1622,1622,1,png,3787467,
https://gmrykvmtmuaeswpajteq.supabase.co/storage/v1/object/public/cms-assets/celebrities/thisisj-official/profile-b0e528d586a167fb.jpg,540,540,1,jpeg,25766,
